rejection_reason,count,percent
REJECT_SCORE,5,0.7142857142857143
,2,0.2857142857142857
