session_name,count,percent
London_AM,3,0.42857142857142855
London_NY_Overlap,3,0.42857142857142855
NewYork_PM,1,0.14285714285714285
